welfare,population,countrycode
0.00298644602599611,154862.142655915,COL
0.13348916699058666,11751.04936054,COL
0.1650369051573779,4782.558528680006,COL
0.18106914501188714,6056.64308315001,COL
0.1912266244056995,783.2080058749996,COL
0.19986816797195056,5394.875760784996,COL
0.209686416611336,1346.1744450899978,COL
0.2150727972901796,2543.0552943850084,COL
0.2297699481754298,3477.5924921400006,COL
0.2453439131719816,7559.260534674979,COL
0.2536637258398893,2227.0910630450285,COL
0.25977317578310255,3559.910011869994,COL
0.2643343618574145,3435.341461204976,COL
0.2737275255646716,4418.23647815003,COL
0.27760383580583475,1328.6484592849642,COL
0.28361124710769026,7960.620504215033,COL
0.29307514514319066,5088.245482224969,COL
0.29809452315072693,5526.593722090019,COL
0.30047985040201586,376.68457309499365,COL
0.3024193563240371,1684.778476790011,COL
0.30732522524769257,1493.333147430011,COL
0.30848122063351024,1225.7267352799638,COL
0.3110900454345036,5067.641277950005,COL
0.31669215212352086,1006.5277910050169,COL
0.3229143450805611,2138.567457689986,COL
0.33704482573299566,12471.501428575004,COL
0.3461386972143277,3302.5808775150063,COL
0.3528066130466023,2904.348775129986,COL
0.35871727272727155,1024.0041281250337,COL
0.36931269983732645,5310.522644969976,COL
0.376611761327618,1253.529998880014,COL
0.3879758856905705,1793.8069890499835,COL
0.39720462997205686,4833.001592640004,COL
0.4130953940867665,11556.525812709986,COL
0.4238944698537111,2735.5432461299974,COL
0.428177747977676,5738.6432557250255,COL
0.4356028516594296,5122.155534079992,COL
0.44087455820611804,6728.737331994994,COL
0.4458209516150985,355.03774643501885,COL
0.45023946228024553,5848.764039054983,COL
0.45475673564685914,2955.784812789999,COL
0.46250019477686977,796.563502139989,COL
0.4716996712850932,6604.168781330019,COL
0.48217341079798753,5380.52729081999,COL
0.4864788103787544,2447.33262970503,COL
0.49307662923744455,3493.033233174969,COL
0.4993076354583971,5105.672170660012,COL
0.5075036524578942,1733.136295980008,COL
0.512617499135973,3447.7039837699713,COL
0.519673693985609,6282.048113050028,COL
0.5260261698006349,3767.7890559649995,COL
0.5315258804797008,7857.698780209989,COL
0.536587620305636,5844.692846885016,COL
0.5382288137302518,615.4450992599795,COL
0.5435983140937484,5165.399538715011,COL
0.5490569282412571,1353.3238557299812,COL
0.5600367171746162,11251.931130234985,COL
0.5681726814913193,2016.1338004800498,COL
0.573621697631958,4623.037303774976,COL
0.5812899226760885,886.0800811949829,COL
0.593059039201207,10352.445904089996,COL
0.5994507014921026,3453.8604207100034,COL
0.6061341320167016,3793.5070747950276,COL
0.6131895553081094,2764.3891321149727,COL
0.6193930577720483,7746.535374495064,COL
0.6250058259298481,4314.272131759975,COL
0.6298399023697839,4284.433272075006,COL
0.6392790305072347,1760.8899108949552,COL
0.6497588994688845,9002.150618145015,COL
0.6550955383568287,6492.01240191497,COL
0.6623794012809847,5829.20245716503,COL
0.6699191925718132,2017.176422865018,COL
0.6788374252556144,8701.627127839982,COL
0.6890153416087356,7741.4215599399995,COL
0.7040733760421011,4603.475721885024,COL
0.7152499129456564,7414.137428420014,COL
0.7268803969192662,7261.815262840006,COL
0.7419588408078304,8658.383123205005,COL
0.7523383581547368,2733.6565960999574,COL
0.766297825570341,8356.866659199979,COL
0.7752849173142049,9967.47000060006,COL
0.7915830949092326,20129.5628464,COL
0.8007324278502971,4868.550051099939,COL
0.8076758851721575,6345.1019430000415,COL
0.8125738386387068,3836.850376799951,COL
0.8194666906521219,5778.610447150047,COL
0.8253199573863583,4369.084279999977,COL
0.8302302888022682,7005.429453499995,COL
0.8380930160397119,5200.203266900036,COL
0.8452857557496692,4490.227071399947,COL
0.8502685048741945,2190.003495349999,COL
0.8586951734597544,17881.96687645,COL
0.8680552612994303,7206.01014090001,COL
0.8744167612308924,7437.869499850011,COL
0.8814106097816087,4750.882667650035,COL
0.8868231783919285,4248.437975450004,COL
0.8948499020451236,5195.23839839998,COL
0.9001446372239665,3934.658286249973,COL
0.9060419044901095,1304.7674418000026,COL
0.9137444019535619,6734.844120250052,COL
0.9289234197306938,14232.292042099967,COL
0.936949735116039,7872.295493600015,COL
0.9437936249999984,4964.86849999997,COL
0.9493079782770835,13313.294882749999,COL
0.9562239263280125,3635.773202550026,COL
0.9617614633173774,4669.458824250002,COL
0.9688363828248957,5321.842545150003,COL
0.9755987169733078,7178.206877300003,COL
0.9804661271370213,9612.481902850015,COL
0.9875282099482345,12182.297838449998,COL
0.9934821005471142,11524.94924904994,COL
1.000096878384068,8252.604420699996,COL
1.0066400558342372,4157.08439505003,COL
1.0129899275778926,4747.4072596999695,COL
1.019679940186099,5602.854102250057,COL
1.0255150697013948,5769.673683850014,COL
1.031225985037753,9141.812369049969,COL
1.0371148591245587,9788.734734599917,COL
1.0451776456387603,6272.614862900127,COL
1.050524687935639,3917.777733349901,COL
1.0597791689717082,14359.392675699988,COL
1.0712761986091328,32376.403975350044,COL
1.081515890613459,6717.467080500069,COL
1.0868897454829722,14288.89154299989,COL
1.0942740277390643,8904.491654750085,COL
1.0994869281954134,6696.61463280002,COL
1.1060067862566398,1961.6195443499773,COL
1.1182535772588102,7451.274644800017,COL
1.1293611943048245,13137.538537849923,COL
1.1426798715149793,12394.297723400117,COL
1.1528621634327394,14917.443895099947,COL
1.1647566232656297,9876.1164201999145,COL
1.177170818921188,10621.839668900137,COL
1.191389018004242,10547.863128249972,COL
1.2022491960221697,12543.740265250004,COL
1.2158969657313226,16313.564917299924,COL
1.2298605154871975,14297.828306300009,COL
1.2406925887971518,25677.803395150037,COL
1.250471952661616,6612.708355149916,COL
1.2563237413422463,11325.85802220009,COL
1.2623529706397663,3407.389251550004,COL
1.2724049261017867,13957.734814050047,COL
1.2844004944790133,9262.45867359994,COL
1.2970725473230733,17573.152055749935,COL
1.308628614575424,21616.54096215004,COL
1.3218488323929936,11087.544334199954,COL
1.3335776425954846,9487.863703499981,COL
1.3461073001355197,10992.218859000004,COL
1.3603076726040222,15748.562882000006,COL
1.3739244183279085,26075.985848850083,COL
1.3807388493985078,6356.024653699977,COL
1.3875407378438334,19042.753131749992,COL
1.3931147251193259,5617.252220900057,COL
1.4034738257731287,14513.303599199935,COL
1.4161266127502123,10466.935771700022,COL
1.428826325763658,30914.25020210003,COL
1.4373574078098228,7997.4101798000465,COL
1.4435659131602054,8318.637171749948,COL
1.4496866665608485,15637.349827599977,COL
1.4568387287398779,9136.847500549911,COL
1.4635827696354067,3963.454523550147,COL
1.4717848567961964,14526.70874414994,COL
1.484948272792034,17426.68843500003,COL
1.4955759836723708,14838.998972799896,COL
1.5079816276537878,22801.158586250065,COL
1.5225675837983694,13434.437674150055,COL
1.5332495600345384,14952.197974599912,COL
1.5474440137685015,21022.74268955012,COL
1.5596994003582445,19126.162922549844,COL
1.5736109148086466,14051.07434185001,COL
1.5841595407120612,18463.352977800074,COL
1.5965771159004198,23693.345455700022,COL
1.6086327693196758,29643.243866099998,COL
1.6205999273758374,17945.517193249965,COL
1.6357155997983566,12312.873879999912,COL
1.646377540285663,20057.572253149996,COL
1.6576795057540672,18076.58972165022,COL
1.6724591079498905,24168.97985799978,COL
1.683834220696711,18370.509936850194,COL
1.698169851766765,17718.126215949764,COL
1.7096634603591205,20239.782927100205,COL
1.7221086709993665,24407.790032849825,COL
1.7341352303117965,29889.004856850002,COL
1.7472754950757128,23441.626622750224,COL
1.760355722181139,14103.70194794987,COL
1.7724199430503256,16302.642206599989,COL
1.7843346004511664,22889.036758699975,COL
1.7972329739019388,16322.501680600215,COL
1.810023284201636,21709.384003099745,COL
1.8232151014662672,33420.01933405005,COL
1.8342530693738384,18743.37156119996,COL
1.8458497267872636,29938.653541850053,COL
1.858603872303772,27091.797943949907,COL
1.8717801465785766,25844.126489899994,COL
1.8841381706066016,20813.22523885016,COL
1.8968749459333047,28696.443443150023,COL
1.9083398685431268,20338.08732339979,COL
1.9229659936047343,27637.436992100025,COL
1.9338308244953621,27573.390188449976,COL
1.9465564640035264,16964.955664500016,COL
1.959489878028097,17584.571253300128,COL
1.9714893515227667,36320.99199859996,COL
1.9841046264408362,28256.059607199968,COL
1.9972230910996496,14682.109128199965,COL
2.0103110895801124,20240.77590080003,COL
2.02225755815019,27022.786271800058,COL
2.0342795131927267,30953.472663249882,COL
2.047018857921185,27976.537510649992,COL
2.0589977362729024,21438.798669850232,COL
2.072468529293372,67837.48074974977,COL
2.0816754102459494,13403.159002600327,COL
2.0868223374175523,13169.313696249736,COL
2.0940141136046657,14269.032069000008,COL
2.09933210042905,9027.12390669996,COL
2.109386280769858,27369.830579949976,COL
2.1204416726922175,22659.163347150046,COL
2.1345267351555925,37526.46207040003,COL
2.1464319779573233,40925.90753235009,COL
2.1589940743163165,39850.5170152501,COL
2.171588558322689,24840.230079199926,COL
2.184060289550321,33410.58608389984,COL
2.1964424377654552,32848.06648285,COL
2.2077311309233356,20326.171639000208,COL
2.2222057734185143,27815.17928439983,COL
2.234295595889439,24229.054766850197,COL
2.247197434602738,25565.59736704984,COL
2.258602357221658,32852.03837764997,COL
2.2720296481910354,17386.47300015001,COL
2.283740116206272,23797.60769419992,COL
2.2965706887801915,26904.62240150024,COL
2.309419063496345,22112.531325299762,COL
2.322489559560781,26541.19402729999,COL
2.3351744186046823,24572.623667050226,COL
2.347533959591959,26379.835801049827,COL
2.3581261314089157,25506.515431899934,COL
2.3722805462365764,29894.466212200226,COL
2.3845514492650617,34925.8639500998,COL
2.3983869597859466,29593.595181100463,COL
2.41063749735973,21154.808191649507,COL
2.421928031903984,38764.700274300434,COL
2.4338974560118385,29825.45454004969,COL
2.446694745357343,29996.742503299793,COL
2.4599612092027794,27838.017679500557,COL
2.4716070390502516,41422.39438234955,COL
2.4849178853638314,42097.12001149993,COL
2.4965293996671347,26253.72814115006,COL
2.510188475079989,30741.47277829985,COL
2.5219701521232634,20659.314315350555,COL
2.5335470720003843,26541.194027299643,COL
2.547418711738839,32359.523422449798,COL
2.5598153133969097,21275.950983050512,COL
2.571682498488209,36946.06894274995,COL
2.5854424023735536,25059.180780049748,COL
2.597853802707412,27140.45365524979,COL
2.608757019933841,35716.27101530028,COL
2.622594823069816,60177.185141100046,COL
2.6333365917749747,33489.52749304964,COL
2.6472909049360585,36663.07143825008,COL
2.659631780559348,23183.94994760012,COL
2.671649540964645,41668.15537310042,COL
2.6841374443242714,34889.62041004993,COL
2.697546417502455,51582.0047939001,COL
2.7098956353355157,36568.2424498997,COL
2.722105749878132,31575.07419944998,COL
2.734692745652718,34575.84072084973,COL
2.746181874330257,41699.93053150023,COL
2.7599006639475676,39987.54738585032,COL
2.77163552308388,40628.51190919987,COL
2.7842907528605916,28637.361508000115,COL
2.796674369700866,33260.64705519953,COL
2.8101984871583925,16934.17347980037,COL
2.826977313027673,63278.24200620006,COL
2.8530002258321794,82168.07718814975,COL
2.878970363055337,78304.41652145014,COL
2.902922272359474,69950.52878334996,COL
2.927836306822175,92432.4463250496,COL
2.9470532615158493,35902.45358405012,COL
2.9581723792117436,36263.89601085004,COL
2.973050038678794,36903.86756050011,COL
2.98387352686131,36356.73905180009,COL
2.997030150146865,25180.323571450062,COL
3.009675973002351,26610.205699449838,COL
3.0214020577209344,30328.892205949975,COL
3.0347311003695303,46349.529881750255,COL
3.0466112086271906,46741.25800640009,COL
3.058181818181784,50244.46921999995,COL
3.072485378128489,22813.570757500078,COL
3.0906592719265427,66231.34578999941,COL
3.115331880986038,94863.74242950007,COL
3.139463023263896,71280.61705450059,COL
3.1655964714715035,66132.04841999999,COL
3.191908664449641,72035.27706649956,COL
3.2174590452260987,98800.88315000029,COL
3.2400693872619453,69339.3534709999,COL
3.2651825627679223,89183.93286550003,COL
3.291463941244764,89824.40090199985,COL
3.3167828634068717,95394.98335900018,COL
3.339206213750599,82178.50341199977,COL
3.366339853871348,65149.004456999974,COL
3.3909910173458373,99178.2131560001,COL
3.417628358444078,86666.744536,COL
3.4404438031733005,79949.27745550044,COL
3.4654853757133828,78295.97624499975,COL
3.488962049884372,90171.941696999507,COL
3.5148811711589443,109415.77200300028,COL
3.540675947478588,79452.79060549995,COL
3.56538197805252,102589.07781549967,COL
3.59105837829206,69940.10255950064,COL
3.615588644462718,90559.20143999961,COL
3.6406536796536773,97485.19299750034,COL
3.6662431353444456,98090.90695449985,COL
3.6905029729402026,81830.96261699943,COL
3.715161628569862,91442.94803300023,COL
3.7409706967657703,114365.74589750069,COL
3.765634966915823,104296.99257949916,COL
3.7908339095664862,82570.72802350004,COL
3.814679860325524,79000.98757200074,COL
3.8411652739462108,77387.40530949981,COL
3.866045256161574,87024.21506799995,COL
3.8894863620519664,85460.28149050045,COL
3.916361796453373,83712.6477784998,COL
3.9392897526761335,84412.69423699926,COL
3.9656508454431023,83022.53105700063,COL
3.990440185253228,74304.22197099935,COL
4.0151236690963215,65049.70708700056,COL
4.040395920380711,85554.6139920004,COL
4.066030055238296,79993.96127199897,COL
4.090411061486628,103800.50572950004,COL
4.116239224736224,89417.28168499985,COL
4.141671828737998,134150.7468700005,COL
4.166010585511033,90052.78485300021,COL
4.1900324285681085,108080.22237650046,COL
4.217379593042772,103974.27612699952,COL
4.242409855402178,81289.79195050041,COL
4.26589246283603,102867.1104514994,COL
4.288794304406839,122463.44642100066,COL
4.315708990344199,112091.83612450007,COL
4.340608820752473,103855.11928299886,COL
4.36541572170139,98512.92077700095,COL
4.391879990090657,87679.57770999949,COL
4.415456202758438,76851.19951149955,COL
4.440206492475604,71921.08509100109,COL
4.466011770273601,81304.68655599946,COL
4.49131625086676,78757.70901550063,COL
4.5142098750739015,75609.98238649969,COL
4.539081351413209,75883.05015399927,COL
4.566226568996633,107469.54355100082,COL
4.591079701800541,82997.70671449992,COL
4.614542214912253,70749.3761249991,COL
4.639807222140683,101536.52569350108,COL
4.665951413758897,102589.07781549967,COL
4.6901909917291675,79537.19336999962,COL
4.7144022496259765,96224.11639849991,COL
4.741118448564125,71235.93323800068,COL
4.765466528508924,100920.88199949992,COL
4.791208363153812,83245.95013950016,COL
4.815340243252842,90876.95302399911,COL
4.839520160797185,101506.73648250023,COL
4.865240569311766,76895.88332800084,COL
4.889592362863966,80644.35904549976,COL
4.9164535233134625,99133.52933949951,COL
4.940842987115793,98840.60209800073,COL
4.965648172267105,114360.78102899916,COL
4.989832060652615,108174.55487800042,COL
5.01569991524993,98125.66103399947,COL
5.040139964999317,82982.81210900086,COL
5.06658365819932,98701.5857799995,COL
5.090994727507692,90281.16880399988,COL
5.116216343281562,91413.15882200075,COL
5.140965977822533,92346.55410000002,COL
5.166351896543241,101834.41780349863,COL
5.189433319584219,94789.26940199999,COL
5.214680901450859,76652.60477149935,COL
5.239723607452096,92341.58923150126,COL
5.266083483433989,97852.59326649988,COL
5.290241161072632,86537.65795499973,COL
5.315366544004613,96805.00601300008,COL
5.341871831312564,115065.79235600153,COL
5.363530697576983,97738.40129099936,COL
5.391138060662189,96412.78140149981,COL
5.414413117601655,96467.39495499864,COL
5.440381379511488,93682.10372650123,COL
5.4658650874501555,108437.69290850109,COL
5.490686604281258,82104.03038449901,COL
5.516248331108194,74373.73012999997,COL
5.541834226704538,97718.54181699878,COL
5.565713738678891,93190.58174500088,COL
5.590149112494738,96080.13521200127,COL
5.615473002316039,111466.2626935,COL
5.639635631887148,72089.89061999768,COL
5.665854630687247,78241.36269150094,COL
5.691023454999662,86443.32545349977,COL
5.714807361675627,95295.68598900078,COL
5.741245354977499,76156.11792149885,COL
5.765353685778122,100017.27593250149,COL
5.790357174328978,98597.32354149925,COL
5.8147278523903685,80589.74549199957,COL
5.840374971788067,87992.36442550021,COL
5.865438080516945,88732.12983199944,COL
5.890819637227954,97649.03365799955,COL
5.9150173507239465,82982.81210900223,COL
5.941072031310436,77223.56464899924,COL
5.964084214167938,84313.39686699916,COL
5.990749227031813,73063.00484600085,COL
6.028141760789899,157366.47197599974,COL
6.0771504989259535,159466.61135149948,COL
6.128652516116818,158647.40804900075,COL
6.178232455945899,167921.78240700008,COL
6.227824402100422,216522.88015350033,COL
6.276948864728911,180726.17826849897,COL
6.329197906632016,195844.202851001,COL
6.377124221857039,172271.00721299837,COL
6.428412835543584,185696.01163700133,COL
6.476948729796805,184002.9914784995,COL
6.528153328266156,178000.46546200052,COL
6.576726235030019,182409.26869000052,COL
6.628072082169527,168880.0020275001,COL
6.678349023566223,150634.11028999905,COL
6.727984165196352,166020.23777150054,COL
6.777772799563319,156869.98512599923,COL
6.826227745674426,148638.23315299954,COL
6.877077803643387,171153.91180049934,COL
6.928785105474483,156984.17710150252,COL
6.979037984421878,168597.00452299745,COL
7.030781601375477,152337.06018550118,COL
7.0777661641860075,149775.18803949916,COL
7.129736132218987,163344.17365000074,COL
7.175975442664252,176650.02123000027,COL
7.229223507687665,148216.2193305012,COL
7.276934428525727,155077.66759750005,COL
7.329372003196798,139785.87261749856,COL
7.37827976325785,152883.19572050034,COL
7.430569922912552,181302.103014499,COL
7.479834449634857,160484.4093940012,COL
7.52846963487337,146582.77759399833,COL
7.575995048628782,133237.2110660004,COL
7.62662825163279,133793.27633799985,COL
7.677297139358715,133813.13581200043,COL
7.7294768623128265,136231.02677150106,COL
7.777550230305062,156294.06037999922,COL
7.8290888532888765,140237.67565100052,COL
7.877056543825583,132432.90236899932,COL
7.929199488849052,141811.53896550168,COL
7.976869644762232,148916.26578899927,COL
8.026788564314813,136096.97532199995,COL
8.08056076519164,125745.22449949995,COL
8.12845319964535,128868.1267859988,COL
8.177498109671989,151021.37003300193,COL
8.22770049047842,146523.19917199935,COL
8.279261355714727,178055.07901549933,COL
8.326764001074768,143216.59675100073,COL
8.378980524410098,148782.21433949817,COL
8.430781578552258,148752.42512850006,COL
8.48176764369524,134577.72556100038,COL
8.528898796108132,132174.72920700017,COL
8.578857049972257,160355.32281300024,COL
8.62685692503593,148156.64090849948,COL
8.6791242439085,144462.77874450074,COL
8.72769973459237,141702.31185850129,COL
8.780473752735476,122503.16536899767,COL
8.827806379608258,120666.16402399997,COL
8.905436164801637,229381.88956850077,COL
9.0005997683263,263058.5926040018,COL
9.103174474435589,248685.29829649915,COL
9.20308192201656,239510.2213084999,COL
9.303495374774041,260978.31270249985,COL
9.40345513535354,242643.05333199902,COL
9.505370500946645,254365.1078605026,COL
9.607367542026854,255467.30866749573,COL
9.703363257613477,250254.19674250018,COL
9.804178943374438,237171.76824500156,COL
9.901628223518594,232762.96501700155,COL
10.002741991950412,246093.6369395018,COL
10.105230948727268,191534.6969929956,COL
10.201484928860816,229262.7327245029,COL
10.306569008729094,236605.7732359963,COL
10.401661448465795,254196.30233150328,COL
10.503740185617303,225484.4677960017,COL
10.60481613986617,215539.83619049963,COL
10.705140628425289,242782.06964999752,COL
10.803071960822685,202765.22953999884,COL
10.904362353288624,226904.42018700397,COL
11.00136164397379,211493.46836299627,COL
11.100223417242436,194076.70966500253,COL
11.203317765119865,196117.27061849783,COL
11.30428801707858,202333.2859805002,COL
11.400924471363881,178491.98744349813,COL
11.507634281748826,202119.79663500233,COL
11.603626058364192,193272.40096800146,COL
11.702367571314902,180835.40537549937,COL
11.801612784269357,176749.31860000038,COL
11.904601897787911,193227.71715149743,COL
12.00193387191239,179698.4504890025,COL
12.10404022759698,174078.21934700073,COL
12.20394396254817,187979.85114699812,COL
12.302668812209346,193237.64688849772,COL
12.403219142786542,181401.4003845046,COL
12.502594873510947,178789.87955349567,COL
12.60081886965187,179514.75035449996,COL
12.70578542513933,174822.9496220001,COL
12.80353911169718,171307.82272400375,COL
12.902980898221918,193515.67952450018,COL
13.002531770986643,178551.56586549984,COL
13.101977413096545,148682.91696950083,COL
13.247533707393695,322929.9418454954,COL
13.456303225823953,274160.0385700013,COL
13.656017476055018,291839.9352984999,COL
13.8498238974481,290673.19120100216,COL
14.051267101540232,253719.6749555006,COL
14.2571621853498,293686.8663804979,COL
14.460589651408592,251098.22438750239,COL
14.655191547009602,256907.12053249855,COL
14.855457586630793,270649.8765404969,COL
15.052373417518211,250254.19674250018,COL
15.250461205765609,267973.81241899985,COL
15.453904380670217,233120.4355490008,COL
15.647813253414395,236690.1760005015,COL
15.856399648736506,214417.77590950043,COL
16.05145236499452,220008.21784050134,COL
16.25662991485349,230906.10419799777,COL
16.45046003809617,196787.52786600334,COL
16.64765278180598,222560.16024949754,COL
16.85014082521913,174897.4226494995,COL
17.147146955106297,410296.73284000246,COL
17.541541320577178,363254.60380249744,COL
17.952212744339633,353051.7990349989,COL
18.349024436015746,331176.5884240038,COL
18.749809634057033,331449.65619149787,COL
19.15770432147457,308417.63121999975,COL
19.55095455825771,291884.6191149984,COL
19.942012501888808,282644.99883650005,COL
20.341592869448935,253014.66362850237,COL
20.749238294158072,290643.40199000126,COL
21.15634265647037,252890.54191599606,COL
21.544296627239667,260243.51216450077,COL
21.94604734334398,213926.25392800008,COL
22.355770163822214,210326.72426550405,COL
22.958693326812327,388302.3653849984,COL
23.732792452814756,368537.2238865005,COL
24.54449581073104,358955.02768150053,COL
25.342315141127035,314157.01920599944,COL
26.141333488054105,290087.33671799634,COL
26.958341593430276,273882.0059340044,COL
27.75323512795012,264250.1610439975,COL
28.5374715671812,229649.99246749748,COL
29.358594538129214,213161.66417900013,COL
30.549360888894096,405391.4427620047,COL
32.13657225126199,346110.9128719978,COL
33.70241656917946,305230.1856430018,COL
35.2962457798373,264657.2802609982,COL
36.925392441649166,223776.5530320022,COL
39.33720424524023,402347.9783714971,COL
42.503247773177065,338226.70169400255,COL
45.748993660014605,266419.8085784965,COL
48.91433658021555,227425.73137949966,COL
53.518795789056135,375358.95320550376,COL
60.16446925403121,267953.95294499927,COL
66.36393867786087,204919.98246900016,COL
75.63406303177328,263917.5148545017,COL
88.44395921081599,196032.86785399818,COL
106.34264118630713,223111.26065299963,COL
141.30227718727934,174326.46277199686,COL
208.61764869408805,96566.69232500425,COL
335.08606151503466,24447.01249399744,COL
627.3731035045988,7084.867349502538,COL
0,8292.452800116,CRI
0.34917140405745756,4515.870069274999,CRI
0.5013861908717845,1600.791011554001,CRI
0.5879918983888263,601.0477953430002,CRI
0.6175959031657309,134.23499085000068,CRI
0.7663085586221834,2654.6281793849994,CRI
0.8332845417168335,1000.7431044109993,CRI
0.9151548219361821,3563.2115884020013,CRI
0.9929499897027536,728.2685704699983,CRI
1.0455482625373882,1775.0915225780006,CRI
1.1299908478669538,4045.052712541002,CRI
1.1954220313317592,2522.3979643759994,CRI
1.238544469100406,1782.1057383009988,CRI
1.3232723759241187,2093.6459042160004,CRI
1.3518823088621925,677.1842823320015,CRI
1.3658346137651312,3383.8966380549937,CRI
1.4493511883566224,3636.338411909002,CRI
1.4844252145638708,528.920860036,CRI
1.5107415142093343,1123.9593272970021,CRI
1.526839940265055,651.1371947219958,CRI
1.5684569566788429,1466.5560207040046,CRI
1.583625376331645,863.5034495199974,CRI
1.5904547253656731,1389.4196455150006,CRI
1.6124367349244404,1526.639302642,CRI
1.6314896280141424,1725.007122639998,CRI
1.6431067318464432,490.8951117900074,CRI
1.6462447974217334,1357.3482314999958,CRI
1.6648558221061078,363.6593383399998,CRI
1.6723759737259167,946.644153349998,CRI
1.7032025251325842,1263.1587630600002,CRI
1.7229940184407038,1070.880262200006,CRI
1.7453151210945685,715.2700238699931,CRI
1.7502583079347436,1443.4885999300047,CRI
1.7677662338060747,1018.7860869800031,CRI
1.7835951561835197,1527.679186369999,CRI
1.826369414156479,2867.9793240600006,CRI
1.8571038525151846,2516.4186329399986,CRI
1.8767314834672277,641.0783194300001,CRI
1.8890854888036457,2411.230394299999,CRI
1.90124671335694,522.8915341899994,CRI
1.9180513367729701,1332.3510264999968,CRI
1.9312826444416382,387.6566551400047,CRI
1.9655158287931285,2119.7129895899952,CRI
1.9794313942603299,1789.0999562599989,CRI
1.988062229548732,1213.1143586500111,CRI
1.9978297247706458,681.1738362499874,CRI
2.012083011029018,500.89399379,CRI
2.0503594825510114,3217.590233189997,CRI
2.063198222731819,1744.054992850006,CRI
2.0752874812269018,432.7516129599971,CRI
2.078513053076145,520.8917577900027,CRI
2.097306993458764,1238.1615580600012,CRI
2.1073223991796777,871.5025551199932,CRI
2.1206094329173966,552.9881690100028,CRI
2.1340198681853564,390.6563197400042,CRI
2.1447302611006753,399.7053079499939,CRI
2.185632165484992,3976.955326680006,CRI
2.226059190964894,1563.7251559799931,CRI
2.2493723215764456,3622.2949821400134,CRI
2.275138280368574,1329.3513618999973,CRI
2.2836406105781815,1516.6304217599952,CRI
2.299359255498805,1791.0997326599957,CRI
2.3641692739652713,7524.108710590006,CRI
2.4007671985727095,500.89399379,CRI
2.427222201592363,841.4559147100068,CRI
2.4922351252134427,6177.7592492899885,CRI
2.534818634466546,3126.4504237600095,CRI
2.5447248619962646,556.9877218099964,CRI
2.573396719676699,244.42267048999676,CRI
2.608043101965431,7193.545671670009,CRI
2.6403581980741615,1461.5365819399929,CRI
2.674868194379159,1062.8811566000015,CRI
2.6883017202336794,2511.369197529994,CRI
2.707267936507218,2772.839961830002,CRI
2.7367916068866953,1463.5363583399983,CRI
2.744934997381977,3628.2943113400124,CRI
2.7679393857298313,876.5519905299892,CRI
2.777474852275339,2352.087007270003,CRI
2.7852688886324097,324.5637097199978,CRI
2.810537709497162,268.46998170000137,CRI
2.8362895962732937,3219.6400039999935,CRI
2.881075049253061,609.0319026200083,CRI
2.9167348810728626,5927.337249599992,CRI
2.966399112142555,1017.786198780009,CRI
2.981675160770457,3086.3549069400046,CRI
3.0451275963521054,5964.43310181998,CRI
3.0857748754543852,1113.9254492100192,CRI
3.110741481085514,2197.80425801,CRI
3.1430609631839332,1852.2428960900054,CRI
3.161852391648457,3410.9686110699936,CRI
3.1757653836980486,4192.281250550002,CRI
3.1875054531176956,1289.2558450799752,CRI
3.1913326620457894,667.1754014500012,CRI
3.202470395704609,1869.2409954900086,CRI
3.216646943621023,826.4575917100092,CRI
3.2798230426777377,6285.947152530005,CRI
3.311497757125829,4232.3767673699895,CRI
3.3261791803233924,1815.1470438700003,CRI
3.3371829559150883,1949.432029130018,CRI
3.3471415751690397,651.1271958399838,CRI
3.3694257448446345,3052.30871372999,CRI
3.393319479321272,4917.550156420022,CRI
3.4158224230581036,2558.4639317499914,CRI
3.4304496265861584,1000.788099380006,CRI
3.448442214649877,1441.4888235299818,CRI
3.474242944038964,2568.4628137500017,CRI
3.4983091029685767,2091.6661255800145,CRI
3.5256920421138966,3656.341175349993,CRI
3.552866536138393,3153.4973995700134,CRI
3.569615701615884,2691.6990343999723,CRI
3.6007676628218075,3064.3573665400313,CRI
3.6240071976749024,1100.9269026099923,CRI
3.6589658285623954,6793.840363719998,CRI
3.6969435300489843,2099.6652311800017,CRI
3.7204386150655893,4604.035211309985,CRI
3.7461239368609776,5119.877533689992,CRI
3.766847793295746,3935.8599216600246,CRI
3.7815764183456557,1508.6313161599908,CRI
3.7918715640922596,1864.291548900012,CRI
3.8049678610503608,2376.134318479973,CRI
3.8173871046989385,3357.8245532400056,CRI
3.832436040044507,1348.3492377000232,CRI
3.8388282286598128,2825.9340252499815,CRI
3.8498186993138686,1041.8335099900137,CRI
3.876959259607045,2129.7118715900056,CRI
3.898822312107161,2791.8378376299934,CRI
3.927012860288263,2622.606759779984,CRI
3.950682493497207,6784.791375510008,CRI
3.9664520738656277,4246.425196579984,CRI
3.9768437706953486,7549.155910000022,CRI
3.985096537368808,1002.7378813699856,CRI
3.995190887732832,1489.583445949991,CRI
4.009030607776761,2140.760636200018,CRI
4.025693927717108,940.6448241499902,CRI
4.0389400918702565,2435.2277111000208,CRI
4.057666174163666,2740.7935450199757,CRI
4.090241459868536,2897.0260762700277,CRI
4.114793785823835,6192.807566699977,CRI
4.134269483983575,1991.4773279399851,CRI
4.1413166035997095,733.2680114700077,CRI
4.164535275614131,5089.880887689997,CRI
4.186314659928532,4530.893389480047,CRI
4.218814747427413,6505.322623609985,CRI
4.2325773954050145,1338.3503556999785,CRI
4.258421874706712,2662.652282189997,CRI
4.279383205955703,3849.6695588199814,CRI
4.302276860814946,1693.960594030061,CRI
4.33176057145789,1961.4306875299815,CRI
4.360190732456726,8387.612160109995,CRI
4.37328028578572,3799.625154410027,CRI
4.380718492259384,2612.5578833699997,CRI
4.397436642458713,1989.477551539997,CRI
4.410010404218995,3012.2631913199766,CRI
4.418364490248783,1779.1010742599976,CRI
4.433479352998582,1744.0049984400152,CRI
4.480105337237406,8844.411084279962,CRI
4.5167605836508935,1128.9737666200078,CRI
4.558772482581073,11107.358058519982,CRI
4.589907034958868,3327.827907240045,CRI
4.618068303560542,2076.6178081699913,CRI
4.638859892721369,4601.985440500023,CRI
4.668225840141057,4039.0483839000012,CRI
4.691731015805853,3694.436915769958,CRI
4.717610903915911,2037.5721739600062,CRI
4.740899072602782,5568.727346670014,CRI
4.764909014497018,5197.01890832001,CRI
4.794407921981192,2112.713772190002,CRI
4.8173554598511394,2128.711983389977,CRI
4.840348155815266,7794.578468689995,CRI
4.869092030232718,5199.068679129972,CRI
4.88745933022697,4302.468930190042,CRI
4.9192033975728995,3625.3446411499694,CRI
4.944148104675555,6932.074907370018,CRI
4.967005126711269,3732.4826617799836,CRI
4.984332282120931,2629.605977180046,CRI
5.016010629885695,4425.705150839977,CRI
5.035330867693269,4639.081292719994,CRI
5.068878329494863,4992.691754650018,CRI
5.086297996661165,2545.4653851499993,CRI
5.112358674978616,1419.4412887199653,CRI
5.150675194468995,11530.110789480039,CRI
5.1904852979431055,6630.558620659979,CRI
5.214419802044308,3673.389269160005,CRI
5.241522263246719,4204.329903360009,CRI
5.261320310589456,3066.4071373499933,CRI
5.2923295304407105,4729.971130100026,CRI
5.321716290787069,2604.7087609999685,CRI
5.346936433972136,2843.1820967000267,CRI
5.360833683866076,5348.401981799979,CRI
5.3904307027877065,6366.788113499984,CRI
5.417706350081854,3965.0566571000245,CRI
5.440778191204092,3728.5830977999544,CRI
5.468788970278214,5929.337026000033,CRI
5.488892748109391,8065.098221199976,CRI
5.516391229484008,1705.809269199999,CRI
5.549594127876761,11535.210219299992,CRI
5.593869021500701,2278.745207800031,CRI
5.629115239716874,9322.457632699985,CRI
5.68124901832452,8594.039078999991,CRI
5.733543512328855,10806.791665599998,CRI
5.77718260749711,6801.739480500003,CRI
5.822477861494597,9272.963166800018,CRI
5.873208545802165,8235.579159300021,CRI
5.93048145449052,12820.066556299958,CRI
5.961749153564811,9634.922695200088,CRI
5.9880839172079865,3692.587122599891,CRI
6.022364964039374,3406.119153299979,CRI
6.043408772240878,3877.5664396000757,CRI
6.069056356200164,3560.1019360999667,CRI
6.094484634432938,11381.727380600087,CRI
6.115658627138995,5579.876100099905,CRI
6.142849307979592,6158.81136790004,CRI
6.161965048463924,6086.319473400037,CRI
6.197009357486237,1873.290542699889,CRI
6.232337092040964,7368.176145800126,CRI
6.277209723222008,6249.801194099881,CRI
6.329434694322742,10602.314528700015,CRI
6.375159720376589,13168.027649900112,CRI
6.421612185672896,8807.515209699886,CRI
6.479999908406199,8528.54640190005,CRI
6.539012841267038,7141.701468499996,CRI
6.579466978086652,13164.028097099997,CRI
6.623534120821316,9496.438179499992,CRI
6.678070168541304,6755.744623299998,CRI
6.72989387404799,12997.546711800065,CRI
6.772961037398611,10908.280317899933,CRI
6.825853936428408,9680.917552400024,CRI
6.870403876131775,8338.5676439,CRI
6.930964472484174,12882.059624699938,CRI
6.983288663653621,9430.445558300036,CRI
7.027935832982967,10702.803292799992,CRI
7.071786357571772,7494.162059000002,CRI
7.130626530911523,14491.379682600005,CRI
7.170627094412391,6862.732660700022,CRI
7.236796629719002,13057.540003799988,CRI
7.279443129764829,7803.62745690002,CRI
7.326563310685648,8094.094979000047,CRI
7.379556972700885,9632.922918799894,CRI
7.426701934814374,10238.855168000111,CRI
7.473316773677955,9226.968309599875,CRI
7.530664196210221,14313.399583000022,CRI
7.57880581413303,12151.141350500011,CRI
7.626113718834389,11469.717542199982,CRI
7.676973112521295,6184.808461100094,CRI
7.733791090489861,7212.693530699956,CRI
7.777168773291903,10061.375012500002,CRI
7.826483958442453,9563.93063299999,CRI
7.8800162342972495,7641.145624400066,CRI
7.9331115559833965,18628.417110099912,CRI
7.982863764998964,11041.265448500011,CRI
8.032106422254852,5568.877329900005,CRI
8.078941845011197,9168.97479400001,CRI
8.128874739499674,9355.953887399977,CRI
8.18462780149434,7495.16194720003,CRI
8.224906807706182,11009.269026100063,CRI
8.280626732324688,5501.3848763998685,CRI
8.335543834525772,12088.148393900003,CRI
8.374460769193075,12763.572873,CRI
8.431307335382348,12687.081425700018,CRI
8.481051873893822,11015.268355300095,CRI
8.533487469715466,11555.707927399957,CRI
8.581679125222266,12364.617481200044,CRI
8.632094910631388,10768.795913999946,CRI
8.671101228422943,12743.57510899998,CRI
8.732790008234433,15330.285882399985,CRI
8.783668926582688,9696.915763600067,CRI
8.820701043072333,11856.674275600008,CRI
8.87983173497206,14296.901427699964,CRI
8.926493510256202,8628.035277799998,CRI
8.975665722032229,8920.002632200069,CRI
9.025518497510436,14157.417023799977,CRI
9.081575274403317,11728.688586000073,CRI
9.125344470000208,21981.04224469988,CRI
9.178747459925834,13224.021389100057,CRI
9.225082175675825,11561.207312499975,CRI
9.277311102118695,11891.670362600042,CRI
9.329093102450951,14258.905676099843,CRI
9.3729709604331,12439.60909619998,CRI
9.429062901563487,9337.455955700138,CRI
9.47944076550347,6860.732884299965,CRI
9.549935610741837,24676.24088779995,CRI
9.64900210516779,15169.303882199934,CRI
9.75247101887455,24183.29600520021,CRI
9.85674818668367,26295.55982769989,CRI
9.946276216189716,25414.658323500094,CRI
10.04935152271311,33137.79478029988,CRI
10.129863071633968,14614.365931200073,CRI
10.179075475826394,7197.195263599927,CRI
10.256920753226375,20376.721627800092,CRI
10.353881688610102,25897.104380000088,CRI
10.446143690206084,18958.88016019984,CRI
10.561819826286673,26995.481567700037,CRI
10.654120759833434,24963.20880119988,CRI
10.75437195546473,20565.700497600254,CRI
10.849301432974904,13948.440389999796,CRI
10.955020130502026,26203.570113300022,CRI
11.05609337791466,19811.784794799943,CRI
11.153817557093964,19351.836222800037,CRI
11.252115064791228,25270.674422700115,CRI
11.352973083374536,24261.287284799953,CRI
11.461755228313848,20955.65689560009,CRI
11.55032045093488,28071.861214999906,CRI
11.645973295633324,21306.117709699898,CRI
11.761012279547908,19690.298378500058,CRI
11.86072895325002,21206.128889700074,CRI
11.949658970987409,14181.91428469985,CRI
12.061641995394993,18673.412079100235,CRI
12.153335378064497,23247.400649999938,CRI
12.254076212513272,24339.278564399974,CRI
12.355429059552678,16538.15082799989,CRI
12.44954421268248,14033.43088700002,CRI
12.544723596904275,22413.993835300116,CRI
12.656537965883762,21776.06516370009,CRI
12.755743875604352,26782.50538109974,CRI
12.855325521361811,15270.792534500079,CRI
12.94903764885936,12250.130282300082,CRI
13.059766714397103,21158.134256100082,CRI
13.148445921720212,12415.611779399846,CRI
13.250652820975397,18285.955401599917,CRI
13.350545569831176,16810.120418400216,CRI
13.45670948297941,12483.604176999857,CRI
13.552885684092319,17338.561332100147,CRI
13.649242842976694,19259.346564299874,CRI
13.74582377929604,16318.675368099961,CRI
13.853465387197943,20103.752149200012,CRI
13.959396124184506,16932.60672290013,CRI
14.05757251365073,10803.792000999843,CRI
14.211934870667987,37766.77720220006,CRI
14.398969256017189,31240.506920799995,CRI
14.60758319473412,31405.988417900033,CRI
14.811462181827281,30542.08501309989,CRI
14.994492750052594,26096.582075899998,CRI
15.192283375892165,31169.01491450016,CRI
15.404374815025408,31622.464213200154,CRI
15.616968654610156,27312.446127099716,CRI
15.806423197979395,36517.41689630021,CRI
15.993247401766068,36006.97397019968,CRI
16.210236820009655,24865.219757600113,CRI
16.405387889220776,29289.225098499945,CRI
16.606002402225442,27675.405543700163,CRI
16.810332891927516,26178.57290829986,CRI
17.00825611405896,27701.90258100009,CRI
17.1910032977892,28787.28122209994,CRI
17.41058179073502,20732.18188290032,CRI
17.611640546855057,23239.401544399985,CRI
17.81092363230951,31949.92759869986,CRI
17.997881145521955,23100.417084599874,CRI
18.205874896781708,23394.3842154,CRI
18.400417725831556,28070.861326800154,CRI
18.604759172342366,24004.81596150007,CRI
18.798062799991342,23968.81998629959,CRI
19.011266469529648,24168.297682200053,CRI
19.18229639238737,21514.594399400343,CRI
19.415745016106474,28556.806991999696,CRI
19.620496014950703,25481.15088880006,CRI
19.805444320531784,23835.834855700206,CRI
20.006074970548053,18587.421693899705,CRI
20.20683520634644,21333.114691100396,CRI
20.4018633126747,20005.763105599694,CRI
20.593463488312032,23226.402997800167,CRI
20.807817823911897,15291.790186699849,CRI
21.095344416544034,39441.5899372002,CRI
21.505115888085264,33655.736867900065,CRI
21.896776808878816,34932.094155199855,CRI
22.311696773964563,35194.06486360017,CRI
22.69614638167362,38148.73449459966,CRI
23.08735192804947,32212.898195300204,CRI
23.512817265482937,30927.04197009986,CRI
23.900756959914634,29209.733986600157,CRI
24.293354325939593,37143.84685359963,CRI
24.678661052899894,26443.043337200525,CRI
25.10951346699232,31344.99523769967,CRI
25.529294727938517,32360.381704800282,CRI
25.901234076776042,29810.666794799676,CRI
26.299555936209536,25549.64323050009,CRI
26.704998111241284,21824.05979730008,CRI
27.094038263257893,21201.129448699932,CRI
27.493703831960968,21730.570250599892,CRI
27.91750905061018,26740.51007669992,CRI
28.28852569368052,19271.845166800234,CRI
28.704300395408794,20950.657454600223,CRI
29.050382908657195,24498.26078819955,CRI
29.512742725922678,20209.24035430027,CRI
29.88600872884113,19995.26427949967,CRI
30.302155160467475,21154.63464739998,CRI
30.68974378398307,22379.997636500528,CRI
31.098587639735275,19516.817775799507,CRI
31.77712860890902,39349.600222800334,CRI
32.47181293795647,34157.680744300065,CRI
33.320194331886455,34664.62406169966,CRI
34.12052594168904,28825.276973699925,CRI
34.96254022066235,35389.54300670052,CRI
35.695409071290236,35351.547255099984,CRI
36.522115632201995,18611.41901069984,CRI
37.702887061560844,55012.84887580004,CRI
39.27979244577701,46331.81952339963,CRI
40.92686317907624,47653.17177970016,CRI
42.49705925220298,44819.98856500001,CRI
44.024217589234965,34721.61768910019,CRI
45.708839562545855,37005.36233789981,CRI
47.39543424275757,26785.00510159981,CRI
48.90200582059599,26200.57044870049,CRI
50.535943507155125,27112.968431199806,CRI
52.126708578499695,29184.236837500255,CRI
53.67901510926972,28092.858867199677,CRI
55.260293388787865,26084.58341749993,CRI
56.91388259554438,16129.696498300076,CRI
59.14864742097358,39729.557738800155,CRI
62.479244433068544,35547.025398199774,CRI
65.53069762474615,33173.79075550008,CRI
68.86287658268951,24746.23306180002,CRI
71.96271831826064,20565.700497600254,CRI
76.68735051315186,43715.11210399987,CRI
83.18220990039919,33178.79019649967,CRI
90.20694098981737,22092.52977900031,CRI
98.23639556199697,38207.72789839969,CRI
111.26295222336616,22283.50842520025,CRI
127.79342309625291,34027.69527830021,CRI
155.43945742459633,14372.892930899512,CRI
185.28273066010814,9163.975353000424,CRI
257.7201503131119,9260.964508399882,CRI
419.5208770898802,2535.7164752002045,CRI
896.7050316952851,141.98412439964244,CRI
0.004581533240687903,2562.312587355,FIN
0.22698777176165338,898.7639816550003,FIN
1.1492282915045036,168.57146125499986,FIN
2.532299478094069,945.8500541099997,FIN
3.140439962302756,137.00987067000003,FIN
3.4902735546009667,102.89563015500019,FIN
3.625127180121604,632.4838572450003,FIN
4.746864873128284,1057.6010509050002,FIN
5.429445148067967,479.25367859999943,FIN
5.661335728763583,299.46457350000077,FIN
5.93372579083286,136.75935119999954,FIN
5.965773900906997,39.53682824999972,FIN
6.622795390249783,1258.0878097499997,FIN
6.843011855519522,358.8553456500008,FIN
7.3995768797344645,1973.3484868499997,FIN
8.094311705319145,2477.6099680500006,FIN
8.701061454520424,5531.02293555,FIN
8.937965499229252,433.11726254999985,FIN
9.057792741007594,33.59940644999956,FIN
9.30414048820682,1767.9666658500003,FIN
9.410607614122586,247.5617951999996,FIN
9.642812746645628,167.79286439999998,FIN
10.126308573817456,2243.8874422499985,FIN
10.456224179091725,772.0083033000022,FIN
10.80350005229031,4221.087528000002,FIN
11.43003018803305,1997.887255199998,FIN
11.566324152804986,445.18523789999904,FIN
11.791156193292608,7422.731872650004,FIN
11.958195313692531,144.59498219999608,FIN
12.174292549218647,783.1106199000023,FIN
12.375733061417057,3298.3205806499977,FIN
12.594614093484147,1752.2622955500055,FIN
12.853875944283603,173.11778264999708,FIN
13.164956334472706,1160.7162994500015,FIN
13.496830918164468,4043.621521949996,FIN
13.614359110874542,829.1421930000056,FIN
13.755207857965187,253.92410684999388,FIN
13.928217765285183,1305.4878592500054,FIN
14.017232132832289,835.4824324499996,FIN
14.127370223769372,3747.2636105999954,FIN
14.204128787878926,29.135303999999273,FIN
14.292523780301028,359.6664989999986,FIN
14.399029569800408,1612.3190295000065,FIN
14.507174400417068,1058.361989999994,FIN
14.643574454892908,533.9816985000068,FIN
14.847879526113909,1653.4836824999918,FIN
15.239083644043493,4232.675432999999,FIN
15.350184096138912,647.432806500003,FIN
15.491666534170719,4164.693057000001,FIN
15.619351254480131,461.86078500000434,FIN
15.73392316421146,5397.701329499992,FIN
15.785064205457331,137.50980600000656,FIN
15.837016755793451,773.9065124999986,FIN
15.927273275992068,1462.7246939999952,FIN
16.026447719516064,1778.4675150000057,FIN
16.13451099048634,2876.890548000001,FIN
16.191366907668108,831.9012179999988,FIN
16.337148788272163,2040.1334460000026,FIN
16.41281511303803,1781.778344999986,FIN
16.459734814143477,912.9613725000056,FIN
16.51658195060159,4356.500475000011,FIN
16.68631290786219,7601.720860499988,FIN
16.735129056914413,938.5099439999974,FIN
16.794945361145658,1772.3976600000035,FIN
16.870400483025275,3609.9634904999934,FIN
16.887489332421314,3388.137880500009,FIN
16.901211962530084,948.3872535000058,FIN
16.939567715587987,1743.0416339999865,FIN
16.9547054322882,649.0882215000029,FIN
16.978207378312575,1109.8453965000042,FIN
17.003739195196424,3574.9238730000006,FIN
17.087960604490522,3993.6886874999927,FIN
17.153150917992672,3381.185137500012,FIN
17.240497081044605,80.34280800000147,FIN
17.27665308153965,2868.6686534999926,FIN
17.468506447317502,4848.489812999999,FIN
17.535146839841197,2167.82112300001,FIN
17.60540628964797,2348.5924409999893,FIN
17.6259774501303,1272.4623300000053,FIN
17.697788653151186,4153.546595999991,FIN
17.751531339514266,3255.5943195000114,FIN
17.858718889021628,458.93621850000255,FIN
17.91264075303759,4686.810947999983,FIN
18.005478110366766,1366.9313460000185,FIN
18.14248492736377,11129.355044999991,FIN
18.182996294795245,953.1327764999968,FIN
18.295740867897077,5364.206765999999,FIN
18.38129956505969,761.214997500007,FIN
18.44053927629047,3325.1217495000005,FIN
18.546383025005472,2061.102036000012,FIN
18.67718502676532,4308.824522999968,FIN
18.72681885196019,1721.6867805000081,FIN
18.800817609206835,7601.996763000016,FIN
18.828407243359667,1815.769532999995,FIN
18.853167349097422,417.77156549999813,FIN
18.900707214383253,242.4631169999959,FIN
18.941364558887862,9828.640299,FIN
19.029784565921652,85.8056775000169,FIN
19.123991023401633,1200.2310554999842,FIN
19.195705171469285,8461.98485550001,FIN
19.278177224289674,3262.2711600000002,FIN
19.316287671233624,443.0994149999913,FIN
19.427473816373805,2186.472131999995,FIN
19.522058383233546,691.135762500002,FIN
19.631661983718594,7551.120341999992,FIN
19.79158063789465,3551.8584240000037,FIN
19.92413545383915,5752.236041999992,FIN
19.967029187754143,1112.1077970000003,FIN
20.084614638346313,7898.978213999993,FIN
20.148229336320696,406.56992400003594,FIN
20.21147939566395,5080.358274,FIN
20.302114176619934,2850.5694494999852,FIN
20.346078351816818,3060.0346275000047,FIN
20.411974823676378,618.0767804999764,FIN
20.455160168568817,8818.726788000007,FIN
20.546444669296584,797.578946999992,FIN
20.61636678655868,3827.7609240000115,FIN
20.717803284519302,4111.002430500023,FIN
20.832730999593032,2846.8171754999694,FIN
20.90179024192734,1566.9606585000079,FIN
21.02713145638466,9987.836041500022,FIN
21.075217562779752,8534.657573999972,FIN
21.114802383026742,949.3805024999999,FIN
21.181997817375194,3084.369228000023,FIN
21.218425629360606,2704.837748999999,FIN
21.25430372297565,1781.5576230000067,FIN
21.323413064894083,448.1208404999902,FIN
21.384128911511752,4260.376044000008,FIN
21.52021245113183,3542.7536414999713,FIN
21.58089047859442,9946.671388500019,FIN
21.663156853852332,2615.776422000011,FIN
21.720970529034172,1452.9577454999767,FIN
21.794253226334384,6405.131718000021,FIN
21.885533642822413,4885.295206499982,FIN
21.986436767460813,4594.990595999973,FIN
22.099571222443412,1854.7821465000216,FIN
22.20893117619472,4350.3754395,FIN
22.31486010267614,13231.345831500019,FIN
22.362010416207937,5014.141673999972,FIN
22.433199462796374,2136.5337795000523,FIN
22.445123209061926,735.6112454999867,FIN
22.549283723413645,11264.878352999973,FIN
22.620842065273575,5555.793461999972,FIN
22.659519682295414,3008.2201380000156,FIN
22.70207605609017,2195.797636500026,FIN
22.776817389922886,174.20483849997052,FIN
22.836830391494363,8246.891266500043,FIN
22.920835421006583,2092.49974049995,FIN
22.960642609703953,7518.5086665000035,FIN
23.014760664766204,831.7356765000094,FIN
23.096905825488825,9789.572505000004,FIN
23.161437689610658,1400.536270500039,FIN
23.21390352756105,7470.943075499999,FIN
23.345844363735722,4231.3511010000075,FIN
23.4329812284984,1652.0489894999812,FIN
23.602493149761468,13915.473670499996,FIN
23.72622976338694,753.2690054999584,FIN
23.884998941635203,8733.031471500008,FIN
24.06478995539301,15759.881883000042,FIN
24.248931679081092,1496.6055210000143,FIN
24.392914741212692,8943.820981499943,FIN
24.621587720993187,14279.333887499999,FIN
24.756811684936782,4671.360408000056,FIN
24.838011620887304,7312.519859999992,FIN
24.93477882327002,6005.128273500012,FIN
25.051959572050166,9371.469856499989,FIN
25.139077334043527,7457.147950499985,FIN
25.225958902455872,4569.110941499964,FIN
25.35378505893242,1690.013173500062,FIN
25.474668635461732,13682.115335999993,FIN
25.623817539942294,8772.595889999937,FIN
25.737349092173883,7537.104495000018,FIN
25.86354139952232,3012.3034950000106,FIN
25.9474140664122,3306.9673649999836,FIN
26.02564121600428,3530.448390000054,FIN
26.117653285313175,6281.7481199999875,FIN
26.251622638326634,16355.50019999997,FIN
26.30526740064029,8094.427545000039,FIN
26.373973563279232,10446.772259999987,FIN
26.43341705157737,2150.3840849999606,FIN
26.476754446278285,12038.177880000032,FIN
26.58343313140643,2960.433824999974,FIN
26.7441091949278,16710.310814999986,FIN
26.8921089672406,4969.004025000068,FIN
26.98727392989567,8186.027174999993,FIN
27.091109993491518,9326.056305,FIN
27.184256418918807,4083.3569999999486,FIN
27.293203035180248,7199.399835000032,FIN
27.392968055342358,7198.84802999994,FIN
27.505507756719226,4250.553915000009,FIN
27.591542284752872,7216.505789999988,FIN
27.66271543795983,11100.109380000013,FIN
27.785848099485417,6866.661420000037,FIN
27.901331801295196,5792.848889999943,FIN
27.979353329688742,15644.223555000039,FIN
28.06816368839092,2362.2772050000804,FIN
28.110743500748,4054.111334999873,FIN
28.226121143617362,5186.967000000133,FIN
28.325716855453443,7745.68678499989,FIN
28.429434372248117,14411.49118499997,FIN
28.54666314496843,12469.689390000034,FIN
28.6283272333956,11797.590900000005,FIN
28.724552025834466,14695.118955000009,FIN
28.836595426609843,9966.150105000028,FIN
28.9175946969706,5025.839939999942,FIN
29.02533602547785,18669.218565000032,FIN
29.094797250661543,4796.840865000096,FIN
29.150573025997648,3417.328364999941,FIN
29.243658029640876,16791.977954999962,FIN
29.3306619574966,7997.30986500008,FIN
29.430949354005275,16016.140125000013,FIN
29.531254094462923,10444.56504,FIN
29.639900457764867,9583.197434999889,FIN
29.741180171177,5383.409580000115,FIN
29.844075820842498,20284.90360499993,FIN
29.90328050817708,3138.1150350000294,FIN
30.0008377933309,6701.67172500004,FIN
30.09683079660758,10930.705244999888,FIN
30.182052321511765,9460.144920000026,FIN
30.29399675324675,4886.233275000062,FIN
30.420830680705315,19155.35876999992,FIN
30.618213609816063,22013.708670000022,FIN
30.779978609362303,8416.129860000025,FIN
30.869980197107658,5990.946884999972,FIN
30.985690371401795,12287.04193499999,FIN
31.089917042446935,5628.962804999978,FIN
31.196179270622512,9244.940970000118,FIN
31.300604929767808,12217.514504999981,FIN
31.40104621828129,11264.547269999994,FIN
31.495002166282127,12417.819719999921,FIN
31.600609271285936,11555.348505000085,FIN
31.694221666479432,4936.99933499999,FIN
31.860329648838313,19044.99776999996,FIN
32.02713328150598,23245.889234999922,FIN
32.19165748876753,13878.447555000112,FIN
32.282465967375046,14308.855454999928,FIN
32.37158256922434,15165.25681500005,FIN
32.50572509935063,8747.764664999911,FIN
32.57516990651449,11155.841685000083,FIN
32.706072538239475,4617.504239999993,FIN
32.82263957335658,31687.402125000062,FIN
32.99109876720329,6736.4354399999675,FIN
33.07321011055485,14774.02706999998,FIN
33.164576254224016,6203.3918099999555,FIN
33.35190686699945,20346.15396000001,FIN
33.55466062446375,22488.812775000053,FIN
33.7419251228209,31561.59058499997,FIN
33.89242527111515,12008.380409999942,FIN
33.99947102605002,13493.287664999909,FIN
34.09126011130809,16508.35018500023,FIN
34.17731496737554,16745.07452999999,FIN
34.28344241352169,7720.855559999941,FIN
34.39030639679067,19805.936865000098,FIN
34.46587129016439,11248.544924999993,FIN
34.58266493550531,15485.855519999926,FIN
34.679249043366255,11680.608239999858,FIN
34.78403610121255,15330.798315000062,FIN
34.879054749390264,7453.230134999903,FIN
35.04262735246735,18149.418255000248,FIN
35.2378655224159,23718.234314999874,FIN
35.42243665117675,21493.356554999915,FIN
35.63813488601743,28780.49338500025,FIN
35.83092309582314,22458.463499999794,FIN
36.03846860696833,17722.32118500022,FIN
36.23859937885438,31048.411934999913,FIN
36.44669436764804,21156.755505000037,FIN
36.62397484809596,27516.859934999753,FIN
36.82443792997416,24223.135889999994,FIN
37.02211277794688,23550.485595000257,FIN
37.243163051684995,24117.74113500003,FIN
37.4590956359841,24302.59580999983,FIN
37.636620707112165,26704.051169999966,FIN
37.85180995246964,31461.71388000016,FIN
38.02212793128178,22307.268930000042,FIN
38.244493518017684,23474.336504999905,FIN
38.4254930661286,25008.354404999907,FIN
38.63756555168522,25190.450054999936,FIN
38.826789616188904,26137.34743500021,FIN
39.03787576854993,27732.063884999814,FIN
39.23215554089008,22785.683865000014,FIN
39.42669379484901,43062.862200000185,FIN
39.59273526253494,17728.942844999798,FIN
39.68898742583246,7997.8616700002485,FIN
39.842345329487074,23144.90891999993,FIN
40.040234369199084,22293.47380499995,FIN
40.22575745743658,23141.598089999832,FIN
40.448311625293925,27008.09572500013,FIN
40.63299150212664,31915.29759000003,FIN
40.846309062406796,22352.516940000118,FIN
41.02222234303539,31718.30320499988,FIN
41.23557785213203,15419.638919999861,FIN
41.444421505315916,19310.96778000026,FIN
41.64020827136545,22262.020919999963,FIN
41.82922353778336,32180.715795000004,FIN
42.03568291392367,23462.74859999988,FIN
42.239172654287614,31410.396014999907,FIN
42.43553774021675,26215.703745000013,FIN
42.63153130856015,31213.401630000066,FIN
42.84542610763248,25644.033765000117,FIN
43.038969549792434,16019.450954999955,FIN
43.21662805863134,28346.77465500003,FIN
43.444289612265095,25986.70466999986,FIN
43.64794323239523,20208.75451500004,FIN
43.84334605461166,25664.45055000009,FIN
44.04637716170811,16560.219854999883,FIN
44.23352730707581,24097.324350000054,FIN
44.437384239888495,19782.209250000025,FIN
44.645012968382304,19041.13513499985,FIN
44.83586604376054,17628.51433499997,FIN
45.04814566613183,17188.72575000019,FIN
45.226694949527214,17055.18893999972,FIN
45.43191585956422,29626.410450000378,FIN
45.64514668411265,24038.281214999886,FIN
45.82710145307238,31595.25069000002,FIN
46.0368669035633,18401.59313999984,FIN
46.23111763104872,33453.72993000016,FIN
46.42694707795254,24096.220740000022,FIN
46.63655904880586,30978.332700000043,FIN
46.83894592096467,18208.4613899998,FIN
47.02817831364848,13455.213120000346,FIN
47.37237203195551,37299.258974999546,FIN
47.745406098302425,44446.23733500045,FIN
48.12518323920615,35760.27482999971,FIN
48.53391364746929,37040.46242999977,FIN
48.96788482965347,35162.67001499999,FIN
49.31896497173521,39241.06077000056,FIN
49.73376632189531,38625.24639,FIN
50.12579913163846,32281.14430499983,FIN
50.558231377660334,37254.01096500009,FIN
50.90776164917359,32435.649704999985,FIN
51.337128946833744,35319.382634999594,FIN
51.73733604363161,41228.11057500041,FIN
52.152035954296096,35061.13789499952,FIN
52.544454888587204,37864.30729500048,FIN
52.92851315914378,23251.959089999636,FIN
53.3218522551966,30401.69647500031,FIN
53.75518581989235,41054.29200000001,FIN
54.12448478026037,27083.14120499984,FIN
54.52464785411214,35100.316049999725,FIN
54.915763721696116,20398.575435000595,FIN
55.320300766850465,24249.62252999953,FIN
55.732260126891724,28266.211125000165,FIN
56.152419292962406,28767.25006499987,FIN
56.55675782698011,32747.41953000007,FIN
56.95213314226285,26472.844875000057,FIN
57.35263196363915,31141.666979999838,FIN
57.740913510987426,29507.772375000335,FIN
58.148494483412506,22105.86010500007,FIN
58.55563936500406,21151.237454999573,FIN
58.92441374529547,27860.63445000045,FIN
59.329717181176584,31227.196754999542,FIN
59.751908472727685,22234.430670000394,FIN
60.146505486733155,24187.268564999882,FIN
60.543989721050835,22788.442889999787,FIN
60.910881546441736,20324.63356500031,FIN
61.519004788961475,52830.36250499955,FIN
62.35575795851761,44669.16655500012,FIN
63.1220883989785,46204.839869999865,FIN
63.964618830922326,45047.70478500059,FIN
64.7104975165936,36329.185784999834,FIN
65.57883870447759,53062.6724099998,FIN
66.34650029440262,39360.80245500002,FIN
67.10722028858058,37018.942035000066,FIN
67.94778444301998,36150.952769999916,FIN
68.76852274053054,28378.227540000014,FIN
69.57959984250589,33284.8776000002,FIN
70.38610795561137,29388.030689999647,FIN
71.07485926571974,29112.679995,FIN
71.89266813137415,35601.35499000004,FIN
72.76260698816213,37199.382270000046,FIN
73.57653733907361,39989.860155000344,FIN
74.37250125346027,25312.950764999783,FIN
75.15981016465389,32105.118509999975,FIN
75.95500248093316,28358.362560000056,FIN
76.71667744354494,25387.996245000104,FIN
77.5259473286317,25913.314604999894,FIN
78.35176662771103,25967.943299999934,FIN
79.094752415289,20047.627455000307,FIN
80.23293869078779,37216.48822499962,FIN
81.93729899743744,45022.32175499986,FIN
83.65745990056578,31409.29240500049,FIN
85.18340019805956,35382.840209999886,FIN
86.76877242259678,43220.12662500011,FIN
88.23383786220056,29384.168054999842,FIN
89.94060918245482,20822.36167499992,FIN
92.19177344875763,46723.53657000008,FIN
95.52710856287447,36680.13376500012,FIN
98.82103742899253,30111.998849999636,FIN
102.0141863712363,22426.458810000404,FIN
106.50475772392069,48472.758419999525,FIN
112.9015495819618,35507.54814000041,FIN
119.33436520796903,25710.80216999989,FIN
128.2316680161921,37481.35462499988,FIN
141.53982085685107,20337.325079999755,FIN
160.68596025913786,25381.926390000237,FIN
191.2295527445025,25976.77218000019,FIN
264.25815828955785,16917.78949499975,FIN
405.8581927304098,5723.321460000394,FIN
651.2384573896333,1534.569704999712,FIN
